Name,Tag
Reliance Industries Ltd,RELI
Tata Consultancy Services Ltd,TCS
HDFC Bank Ltd,HDBK
ICICI Bank Ltd,ICBK
Hindustan Unilever Ltd,HLL
ITC Ltd,ITC
Infosys Ltd,INFY
Housing Development Finance Corporation Ltd,HDFC
State Bank of India,SBI
Bharti Airtel Ltd,BRTI
Kotak Mahindra Bank Ltd,KTKM
Bajaj Finance Ltd,BJFN
Life Insurance Corporation Of India,LIC
Larsen & Toubro Ltd,LART
HCL Technologies Ltd,HCLT
Asian Paints Ltd,ASPN
Axis Bank Ltd,AXBK
Maruti Suzuki India Ltd,MRTI
Titan Company Ltd,TITN
Sun Pharmaceutical Industries Ltd,SUN
Avenue Supermarts Ltd,AVEU
Bajaj Finserv Ltd,BJFS
UltraTech Cement Ltd,ULTC
Adani Enterprises Ltd,ADEL
Wipro Ltd,WIPR
Nestle India Ltd,NEST
Oil and Natural Gas Corporation Ltd,ONGC
JSW Steel Ltd,JSTL
Tata Motors Ltd,TAMO
NTPC Ltd,NTPC
Power Grid Corporation of India Ltd,PGRD
Tata Motors Ltd,TAMdv
Mahindra and Mahindra Ltd,MAHM
Adani Green Energy Ltd,ADNA
Coal India Ltd,COAL
Adani Ports and Special Economic Zone Ltd,APSE
Tata Steel Ltd,TISC
Hindustan Zinc Ltd,HZNC
LTIMindtree Ltd,LRTI
Bajaj Auto Ltd,BAJA
Siemens Ltd,SIEM
Pidilite Industries Ltd,PIDI
SBI Life Insurance Company Ltd,SBIL
Indian Oil Corporation Ltd,IOC
Grasim Industries Ltd,GRAS
HDFC Life Insurance Company Ltd,HDFL
Adani Transmission Ltd,ADAI
Britannia Industries Ltd,BRIT
DLF Ltd,DLF
Vedanta Ltd,VDAN
Adani Total Gas Ltd,ADAG
Tech Mahindra Ltd,TEML
Godrej Consumer Products Ltd,GOCP
Hindalco Industries Ltd,HALC
Bank of Baroda Ltd,BOB
Varun Beverages Ltd,VARB
Hindustan Aeronautics Ltd,HIAE
Dabur India Ltd,DABU
Eicher Motors Ltd,EICH
Indusind Bank Ltd,INBK
Divi's Laboratories Ltd,DIVI
Shree Cement Ltd,SHCM
Adani Power Ltd,ADAN
Dr Reddy's Laboratories Ltd,REDY
Interglobe Aviation Ltd,INGL
Ambuja Cements Ltd,ABUJ
Bharat Petroleum Corporation Ltd,BPCL
Havells India Ltd,HVEL
SBI Cards and Payment Services Ltd,SBIC
Bharat Electronics Ltd,BAJE
Bajaj Holdings and Investment Ltd,BJAT
SRF Ltd,SRFL
Cipla Ltd,CIPL
ABB India Ltd,ABB
GAIL (India) Ltd,GAIL
Cholamandalam Investment and Finance Company Ltd,CHLA
Tata Consumer Products Ltd,TACN
Marico Ltd,MRCO
Apollo Hospitals Enterprise Ltd,APLH
Tata Power Company Ltd,TTPW
ICICI Prudential Life Insurance Company Ltd,ICIR
Berger Paints India Ltd,BRGR
IDBI Bank Ltd,IDBI
Jindal Steel And Power Ltd,JNSP
Bosch Ltd,BOSH
Canara Bank Ltd,CNBK
United Spirits Ltd,UNSP
Punjab National Bank,PNBK
Torrent Pharmaceuticals Ltd,TORP
UPL Ltd,UPLL
TVS Motor Company Ltd,TVSM
Shriram Finance Ltd,SRTR
ICICI Lombard General Insurance Company Ltd,ICIL
Adani Wilmar Ltd,AWL
Zydus Lifesciences Ltd,CADI
Zomato Ltd,ZOM
Union Bank of India Ltd,UNBK
Hero MotoCorp Ltd,HROM
Trent Ltd,TREN
Samvardhana Motherson International Ltd,MOSS
Tube Investments of India Ltd,TBEI
Indian Railway Catering and Tourism Corporation Ltd,INIR
Indian Hotels Company Ltd,IHTL
Info Edge (India) Ltd,INED
Polycab India Ltd,POLC
Abbott India Ltd,ABOT
CG Power and Industrial Solutions Ltd,CGPO
Indian Overseas Bank,IOBK
PI Industries Ltd,PIIL
Procter & Gamble Hygiene and Health Care Ltd,PROC
Page Industries Ltd,PAGE
Macrotech Developers Ltd,LOD
NHPC Ltd,NHPC
Yes Bank Ltd,YESB
Max Healthcare Institute Ltd,MAXE
Schaeffler India Ltd,SCHE
Power Finance Corporation Ltd,PWFC
Cummins India Ltd,CUMM
AU Small Finance Bank Ltd,AUFI
Colgate-Palmolive (India) Ltd,COLG
JSW Energy Ltd,JSWE
Ashok Leyland Ltd,ASOK
Indian Railway Finance Corp Ltd,IRF
Alkem Laboratories Ltd,ALKE
Tata Elxsi Ltd,TTEX
One 97 Communications Ltd,PAY
Muthoot Finance Ltd,MUTT
Balkrishna Industries Ltd,BLKI
Indian Bank,INBA
L&T Technology Services Ltd,LTEH
IDFC First Bank Ltd,IDFB
Aditya Birla Capital Ltd,ADTB
Indus Towers Ltd,BHRI
United Breweries Ltd,UBBW
Astral Ltd,ASPT
MRF Ltd,MRF
HDFC Asset Management Company Ltd,HDFA
Container Corporation of India Ltd,CCRI
Dalmia Bharat Ltd,DALB
Bharat Forge Ltd,BFRG
Gujarat Fluorochemicals Ltd,GUJL
Godrej Properties Ltd,GODR
Bandhan Bank Ltd,BANH
Aurobindo Pharma Ltd,ARBN
Tata Communications Ltd,TATA
Hindustan Petroleum Corp Ltd,HPCL
Petronet LNG Ltd,PLNG
Persistent Systems Ltd,PERS
Indraprastha Gas Ltd,IGAS
Star Health and Allied Insurance Company Ltd,STARH
Solar Industries India Ltd,SLIN
UCO Bank,UCBK
Patanjali Foods Ltd,RCSY
Steel Authority of India Ltd,SAIL
Supreme Industries Ltd,SUPI
Mphasis Ltd,MBFL
Vodafone Idea Ltd,VODA
Linde India Ltd,LIND
Bank of India Ltd,BOI
APL Apollo Tubes Ltd,APLA
Oberoi Realty Ltd,OEBO
Fsn E-Commerce Ventures Ltd,NYK
REC Ltd,RECM
ACC Ltd,ACC
Embassy Office Parks REIT,EMBA
NMDC Ltd,NMDC
Mahindra and Mahindra Financial Services Ltd,MMFS
Lupin Ltd,LUPN
Gujarat Gas Ltd,GGAS
Honeywell Automation India Ltd,HONE
Vedant Fashions Ltd,MANY
Oracle Financial Services Software Ltd,ORCL
UNO Minda Ltd,MNDA
Jubilant Foodworks Ltd,JUBI
Federal Bank Ltd,FED
Coromandel International Ltd,CORF
Oil India Ltd,OILI
Biocon Ltd,BION
Delhivery Ltd,DELH
Sona BLW Precision Forgings Ltd,SONAC
GMR Infrastructure Ltd,GMRI
Bharat Heavy Electricals Ltd,BHEL
General Insurance Corporation of India,GENA
Voltas Ltd,VOLT
CRISIL Ltd,CRSL
Torrent Power Ltd,TOPO
Syngene International Ltd,SYNN
PB Fintech Ltd,POLI
Sundaram Finance Ltd,SNFN
3M India Ltd,TMIN
AIA Engineering Ltd,AIAE
Deepak Nitrite Ltd,DPNT
Thermax Limited,THMX
Phoenix Mills Ltd,PHOE
Central Bank of India Ltd,CBI
Escorts Ltd,ESCO
KPIT Technologies Ltd,KPIE
Coforge Ltd,COFO
Poonawalla Fincorp Ltd,MAGM
Tata Chemicals Ltd,TTCH
Metro Brands Ltd,METR
Navin Fluorine International Ltd,NAFL
Motherson Sumi Wiring India Ltd,MSU
Jindal Stainless Ltd,JIST
CPSE ETF,GOMS
Punjab & Sind Bank,PUNA
J K Cement Ltd,JKCE
L&T Finance Holdings Ltd,LTFH
Gland Pharma Ltd,GLAN
Timken India Ltd,TIMK
Fertilisers And Chemicals Travancore Ltd,FCTL
Apollo Tyres Limited,APLO
Rail Vikas Nigam Ltd,RAIV
Sundram Fasteners Ltd,SNFS
Max Financial Services Ltd,MAXI
GlaxoSmithKline Pharmaceuticals Ltd,GLAX
Relaxo Footwears Ltd,RLXO
Grindwell Norton Ltd,GRNN
KPR Mill Ltd,KPRM
Aditya Birla Fashion and Retail Ltd,ADIA
Atul Ltd,ATLP
SKF India Ltd,SKFB
Kansai Nerolac Paints Ltd,KANE
Vinati Organics Ltd,VNTI
Sumitomo Chemical India Ltd,SUMH
Mindspace Business Parks REIT,MINS
Carborundum Universal Ltd,CRBR
Aarti Industries Ltd,ARTI
Bank of Maharashtra Ltd,BMBK
Prestige Estates Projects Ltd,PREG
ZF Commercial Vehicle Control Systems India Ltd,WABC
Devyani International Ltd,DEVY
Fortis Healthcare Ltd,FOHE
Endurance Technologies Ltd (CN),ENDU
Bata India Ltd,BATA
Hatsun Agro Product Ltd,HAPL
LIC Housing Finance Ltd,LICH
IIFL Finance Ltd,IIFL
Bayer Cropscience Ltd,BAYE
Bharat Dynamics Ltd,BARA
Zee Entertainment Enterprises Ltd,ZEE
IPCA Laboratories Ltd,IPCA
Kajaria Ceramics Ltd,KAJR
New India Assurance Company Ltd,THEE
Ramco Cements Ltd,TRCE
Pfizer Ltd,PFIZ
Dixon Technologies (India) Ltd,DIXO
KEI Industries Ltd,KEIN
Piramal Enterprises Ltd,PIRA
Sun Tv Network Ltd,SUTV
Whirlpool of India Ltd,WHIR
Crompton Greaves Consumer Electricals Ltd,CROP
Rajesh Exports Ltd,REXP
Exide Industries Ltd,EXID
J B Chemicals and Pharmaceuticals Ltd,JBCH
IRB Infrastructure Developers Ltd,IRBI
Ajanta Pharma Ltd,AJPH
Emami Ltd,EMAM
Indiamart Intermesh Ltd,INMR
Dr. Lal PathLabs Ltd,DLPA
Gujarat State Petronet Ltd,GSPT
Laurus Labs Ltd,LAUL
Trident Ltd,TRIE
Glenmark Pharmaceuticals Ltd,GLEN
UTI-Sensex Exchange Traded Fund,UTIS
CreditAccess Grameen Ltd,CRDE
Mahindra CIE Automotive Ltd,MAHN
Narayana Hrudayalaya Ltd,NARY
Radico Khaitan Ltd,RADC
Ratnamani Metals and Tubes Ltd,RMT
National Aluminium Co Ltd,NALU
Five-Star Business Finance Ltd,FIVES
Mazagon Dock Shipbuilders Ltd,MAZ
Godrej Industries Ltd,GODI
Clean Science and Technology Ltd,CLE
Elgi Equipments Ltd,ELGE
360 One Wam Ltd,IIFW
Nippon Life India Asset Management Ltd,NIPF
PVR Ltd,PVRL
Gillette India Ltd,GILE
Lloyds Metals And Energy Ltd,LLO
Blue Dart Express Ltd,BLDT
SJVN Ltd,SJVN
ICICI Securities Ltd,ICCI
Blue Star Ltd,BLUS
Hitachi Energy India Ltd,ABBW
Aegis Logistics Ltd,AEGS
Sanofi India Ltd,SANO
Global Health Ltd,MEDA
IDFC Ltd,IDFC
Indian Energy Exchange Ltd,IIAN
Capri Global Capital Ltd,CAPG
Finolex Cables Ltd,FNXC
Fine Organic Industries Ltd,FINO
RHI Magnesita India Ltd,ORRE
Redington (India) Ltd,REDI
Cyient Ltd,CYIE
DCM Shriram Ltd,DCMS
Bajaj Electricals Ltd,BJEL
Affle (India) Ltd,AFFL
Aster DM Healthcare Ltd,ATRD
Anupam Rasayan India Ltd,ANUR
Suven Pharmaceuticals Ltd,SUVH
Aptus Value Housing Finance India Ltd,APTU
Alkyl Amines Chemicals Ltd,ALKY
Nuvoco Vistas Corporation Ltd,NUV
Chambal Fertilisers and Chemicals Ltd,CHMB
KEC International Ltd,KECL
KIOCL Ltd,KIOC
Tata Teleservices (Maharashtra) Ltd,TTML
Krishna Institute of Medical Sciences Ltd,KIMS
Castrol India Ltd,CAST
Sonata Software Ltd,SOFT
Aether Industries Ltd,AET
Triveni Turbine Ltd,TRVT
PNB Housing Finance Ltd,PNBH
Happiest Minds Technologies Ltd,HAPP
Westlife Development Ltd,WEST
Brigade Enterprises Ltd,BRIG
POWERGRID Infrastructure Investment Trust,PGIN
Asahi India Glass Ltd,AISG
Century Plyboards (India) Ltd,CNTP
Raymond Ltd,RYMD
Lakshmi Machine Works Ltd,LKMC
NLC India Ltd,NLCI
Aavas Financiers Ltd,AVAS
V Guard Industries Ltd,VGUA
Cholamandalam Financial Holdings Ltd,CHOL
Tata Investment Corporation Ltd,TINV
NMDC Steel Ltd,NSLN
Campus Activewear Ltd,CAMP
Alembic Pharmaceuticals Ltd,ALEM
Manappuram Finance Ltd,MNFL
Bharat 22 ETF,ICPR
EIH Ltd,EIHO
Mangalore Refinery and Petrochemicals Ltd,MRPL
Nippon India ETF Bank BeES,BBES
Tejas Networks Ltd,TEJS
Apar Industries Ltd,APAR
Kalyan Jewellers India Ltd,KALYA
Central Depository Services (India) Ltd,CENA
Akzo Nobel India Ltd,AKZO
Natco Pharma Ltd,NATP
City Union Bank Ltd,CTBK
National Standard (India) Ltd,NATI
Angel One Ltd,ANGE
Amara Raja Batteries Ltd,AMAR
BASF India Ltd,BASF
Finolex Industries Ltd,FINX
Sheela Foam Ltd,SHEF
TTK Prestige Ltd,TTKL
Computer Age Management Services Ltd,CAMC
Shree Renuka Sugars Ltd,SRES
Mahanagar Gas Ltd,MGAS
Zydus Wellness Ltd,ZYDS
Brookfield India Real Estate Trust REIT,BIRE
Aditya Birla Sun Life Amc Ltd,ABS
Housing and Urban Development Corporation Ltd,HUDC
Hindustan Copper Ltd,HCPR
India Grid Trust,IGTR
Suzlon Energy Ltd,SUZL
RBL Bank Ltd,RATB
JBM Auto Ltd,JBMA
Great Eastern Shipping Company Ltd,GESC
G R Infraprojects Ltd,GRI
Poly Medicure Ltd,PLMD
RITES Ltd,RITS
CESC Ltd,CESC
Bikaji Foods International Ltd,BIK
Motilal Oswal Financial Services Ltd,MOFS
JK Lakshmi Cement Ltd,JKLC
Godfrey Phillips India Ltd,GDFR
Tanla Platforms Ltd,TNSL
Data Patterns (India) Ltd,DATAP
KRBL Ltd,KRBL
Vardhman Textiles Ltd,VART
Gujarat Narmada Valley Fertilizers & Chemicals Ltd,GNFC
ITI Ltd,ITEL
E I D-Parry (India) Ltd,EIDP
Galaxy Surfactants Ltd,GALX
Ingersoll-Rand (India) Ltd,INGR
MedPlus Health Services Ltd,MEDP
Kalpataru Power Transmission Ltd,KAPT
HFCL Ltd,HFCL
Kotak Mahindra Asset Management Company Limited,KOTM
Eris Lifesciences Ltd,ERIS
Welspun India Ltd,WLSP
Balrampur Chini Mills Ltd,BACH
SBI-ETF Nifty 50,SBFP
V I P Industries Ltd,VIPI
BHARAT Bond ETF-April 2023-Growth,BARB
Godrej Agrovet Ltd,GODE
UTI Asset Management Company Ltd,UTI
Piramal Pharma Ltd,PPL
Rainbow Children's Medicare Ltd,RAINB
Sundaram Clayton Ltd,SUND
Easy Trip Planners Ltd,EASE
CCL Products India Ltd,CCLP
Can Fin Homes Ltd,CNFH
Kama Holdings Ltd,KAM
Firstsource Solutions Ltd,FISO
Cera Sanitaryware Ltd,CERA
Route Mobile Ltd,ROUT
Astrazeneca Pharma India Ltd,ASTR
KSB Ltd,KSBL
Procter & Gamble Health Ltd,PROR
Karur Vysya Bank Ltd,KARU
Equitas Small Finance Bank Ltd,EQU
Chalet Hotels Ltd,CHAL
Deepak Fertilisers and Petrochemicals Corp Ltd,DPFE
Century Textile and Industries Ltd,CNTY
Shyam Metalics and Energy Ltd,SHYAE
Sapphire Foods India Ltd,SAPPH
Birlasoft Ltd,BIRS
Laxmi Organic Industries Ltd,LXC
Latent View Analytics Ltd,LATE
Eureka Forbes Ltd,EUREK
Bls International Services Ltd,BLSN
Granules India Ltd,GRAN
NCC Ltd,NCCL
PNC Infratech Ltd,PNCI
Sun Pharma Advanced Research Co Ltd,SPRC
Bombay Burmah Trading Corporation Ltd,BBRM
Jindal Worldwide Ltd,JINW
Jyothy Labs Ltd,JYOI
Multi Commodity Exchange of India Ltd,MCEI
Supreme Petrochem Ltd,SPTL
Shoppers Stop Ltd,SHOP
BSE Ltd,BSEL
Birla Corporation Ltd,BRLC
NBCC (India) Ltd,NBCC
Lemon Tree Hotels Ltd,LEMO
Symphony Ltd,SYMP
Ircon International Ltd,IRCN
Chemplast Sanmar Ltd,CHEMP
Balaji Amines Ltd,BAMN
KNR Constructions Ltd,KNRL
National Highways Infra Trust,NHIT
Archean Chemical Industries Ltd,ACA
Usha Martin Ltd,USBL
Minda Corporation Ltd,MINC
Hindustan Foods Ltd,HFDS
BHARAT Bond ETF-April 2030-Growth,BHAB
Craftsman Automation Ltd,CRAF
Tamilnad Mercantile Bank Ltd,TMB
Prince Pipes and Fittings Ltd,PRCE
Borosil Renewables Ltd,BORO
Allcargo Logistics Ltd,ACLL
GMM Pfaudler Ltd,GMMP
Cochin Shipyard Ltd,COCH
Jubilant Ingrevia Ltd,JUB
BHARAT Bond ETF-April 2032,BBE
Eclerx Services Ltd,ECLE
Praj Industries Ltd,PRAJ
Gujarat Ambuja Exports Ltd,GAME
Triveni Engineering and Industries Ltd,TREI
India Infrastructure Trust,INF
Alok Industries Ltd,ALOK
JK Paper Ltd,JKPA
Saregama India Ltd,SARE
Sterlite Technologies Ltd,STTE
Metropolis Healthcare Ltd,METP
Zensar Technologies Ltd,ZENT
Indinfravit Trust,INNF
Home First Finance Company India Ltd,HOM
Amber Enterprises India Ltd,AMBE
Network18 Media & Investments Ltd,NEFI
Prism Johnson Ltd,PRIS
Mahindra Holidays and Resorts India Ltd,MAHH
Gujarat State Fertilizers and Chemicals Ltd,GSFC
Rashtriya Chemicals and Fertilizers Ltd,RSTC
Intellect Design Arena Ltd,INEE
Garware Technical Fibres Ltd,GRWL
Kirloskar Ferrous Industries Ltd,KRFI
Glenmark Life Sciences Ltd,GLS
Safari Industries (India) Ltd,SAFA
JM Financial Ltd,JMSH
Welspun Corp Ltd,WGSR
Maharashtra Seamless Ltd,MHSM
Kirloskar Oil Engines Ltd,KIRO
CE Info Systems Ltd,MAPM
Graphite India Ltd,GRPH
Kaynes Technology India Ltd,KAYN
CEAT Ltd,CEAT
HG Infra Engineering Ltd (Part IX),HGIN
Maharashtra Scooters Ltd,MHSC
Go Fashion (India) Ltd,GOC
Just Dial Ltd,JUST
Reliance Infrastructure Ltd,RLIN
Mahindra Lifespace Developers Ltd,MALD
India Cements Ltd,ICMN
Swan Energy Ltd,SWAN
Jammu and Kashmir Bank Ltd,JKBK
Sterling and Wilson Renewable Energy Ltd,STEN
EPL Ltd,ESSL
Ujjivan Small Finance Bank Ltd,UJJI
SIS Ltd,SECR
VRL Logistics Ltd,VRLL
TCI Express Ltd,TCIE
Indigo Paints Ltd,INDIG
Rattanindia Enterprises Ltd,RTNI
MTAR Technologies Ltd,MTA
Hinduja Global Solutions Ltd,HGSL
Quess Corp Ltd,QUEC
Olectra Greentech Ltd,OLEC
Kfin Technologies Ltd,KFI
Rain Industries Ltd,RAID
Gujarat Pipavav Port Ltd,GPPL
Delta Corp Ltd,DELT
ESAB India Ltd,ESAB
Garden Reach Shipbuilders & Engineers Ltd,GRSE
Syrma SGS Technology Ltd,SYR
Ramkrishna Forgings Ltd,RKFO
Mastek Ltd,MAST
TV18 Broadcast Ltd,TVEB
Religare Enterprises Ltd,RELG
Nippon India ETF Gold BeES,GBES
Jindal SAW Ltd,JIND
Vaibhav Global Ltd,VAIB
Caplin Point Laboratories Ltd,CAPL
Godawari Power and Ispat Ltd,GDPI
Edelweiss Financial Services Ltd,EDEL
Kennametal India Ltd,KENI
Gujarat Alkalies And Chemicals Ltd,GALK
VST Industries Ltd,VSTI
Rolex Rings Ltd,ROLE
Action Construction Equipment Ltd,ACEL
Restaurant Brands Asia Ltd,BUR
BEML Ltd,BEML
Avanti Feeds Ltd,AVNT
Keystone Realtors Ltd,RUST
CSB Bank Ltd,CSBB
Suprajit Engineering Ltd,SUPE
Transport Corporation of India Ltd,TCIL
Gujarat Mineral Development Corporation Ltd,GMDC
Elecon Engineering Company Ltd,ELCN
Jubilant Pharmova Ltd,JULS
PDS Limited,PDSM
NIIT Ltd,NIIT
JSW Holdings Ltd,JNSW
MMTC Ltd,MMTC
F D C Ltd,FDC
Indiabulls Housing Finance Ltd,INBF
PCBL Ltd,PHIL
Orient Electric Ltd,ONTE
Star Cement Ltd,STAT
Reliance Power Ltd,RPOL
Engineers India Ltd,ENGI
GHCL Ltd,GHCH
Anant Raj Ltd,ANRA
Chennai Petroleum Corporation Ltd,CHPC
Borosil Ltd,BORS
ICRA Ltd,ICRA
CMS Info Systems Ltd,CMS
Nippon India ETF Nifty BeES,NBES
Varroc Engineering Ltd,VARE
Sobha Ltd,SOBH
Tega Industries Ltd,TEG
Ge T&D India Ltd,GETD
Himadri Speciality Chemical Ltd,HIMD
Sunteck Realty Ltd,SUNT
Surya Roshni Ltd,SURR
V-mart Retail Ltd,VMAR
Schneider Electric Infrastructure Ltd,SEIN
shipping corporation of India Ltd,SCI
JK Tyre & Industries Ltd,JKIN
Spandana Sphoorty Financial Ltd,SPAD
Paradeep Phosphates Ltd,PARAD
Jupiter Wagons Ltd,CEBB
Privi Speciality Chemicals Ltd,FAIC
Fusion Micro Finance Ltd,FUS
HEG Ltd,HEGL
ELANTAS Beck India Ltd,DRB
Jamna Auto Industries Ltd,JMNA
Bharat Rasayan Ltd,BRSN
Lux Industries Ltd,LUXI
Tata Coffee Ltd,TACO
Karnataka Bank Ltd,KBNK
La Opala R G Ltd,LAOP
Ion Exchange (India) Ltd,ION
HLE Glascoat Ltd,HLE
Bengal & Assam Company Ltd,BENG
Shrem Invit,SHREI
Sharda Cropchem Ltd,SHCR
Rajratan Global Wire Ltd,RAJR
Jaiprakash Power Ventures Ltd,JAPR
Meghmani Finechem Ltd,MFM
Polyplex Corp Ltd,PLYP
Titagarh Wagons Ltd,TITW
Responsive Industries Ltd,RSPO
Sarda Energy & Minerals Ltd,SAEM
Vijaya Diagnostic Centre Ltd,VIJAY
Kirloskar Pneumatic Company Ltd,KGK
Neogen Chemicals Ltd,NEOE
Sansera Engineering Ltd,SANS
Share India Securities Ltd,SCAC
Ami Organics Ltd,AMIO
Aarti Drugs Ltd,ADRG
Power Mech Projects Ltd,POMP
Harsha Engineers International Ltd,HARS
Indiabulls Real Estate Ltd,INRL
Nesco Ltd,NSEN
Rategain Travel Technologies Ltd,RATE
LT Foods Ltd,LTOL
National Fertilizers Ltd,NAFT
Bombay Super Hybrid Seeds Ltd,BOBA
Heidelbergcement India Ltd,HEID
MAS Financial Services Ltd,MASF
Arvind Fashions Ltd,ARVF
Healthcare Global Enterprises Ltd,HEAC
Mishra Dhatu Nigam Ltd,MISR
Rossari Biotech Ltd,ROSB
Techno Electric & Engineering Company Ltd,TEEC
Tatva Chintan Pharma Chem Ltd,TATV
IRB InvIT Fund,IRBN
Motilal Oswal NASDAQ 100 ETF,N100
Authum Investment & Infrastructure Ltd,AII
Rallis India Ltd,RALL
Marksans Pharma Ltd,MARK
TeamLease Services Ltd,TLSV
Railtel Corporation of India Ltd,RAIL
Nazara Technologies Ltd,NAZ
Prudent Corporate Advisory Services Ltd,PRU
Greenlam Industries Ltd,GEEN
Greenpanel Industries Ltd,GREP
Automotive Axles Ltd,ATOA
Mrs. Bectors Food Specialities Ltd,BEC
Hikal Ltd,HIKA
Infibeam Avenues Ltd,IFIB
West Coast Paper Mills Ltd,WSTC
Isgec Heavy Engineering Ltd,SARA
Anand Rathi Wealth Ltd,ANAND
Technocraft Industries (India) Ltd,TEIN
Bannari Amman Sugars Ltd,BANN
Nocil Ltd,NOCI
Sindhu Trade Links Ltd,SIN
Newgen Software Technologies Ltd,NEWG
Vesuvius India Ltd,VESU
Nava Limited,NABV
Ujjivan Financial Services Ltd,UJVF
Nirlon Ltd,NIRL
IFB Industries Ltd,IFBI
Ahluwalia Contracts (India) Ltd,AHLU
Sandur Manganese and Iron Ores Ltd,SANDU
Inox Wind Ltd,INWN
Gravita India Ltd,GRAI
Tinplate Company of India Ltd,TINP
Kirloskar Brothers Ltd,KRBR
Hawkins Cookers Ltd,HAWK
South Indian Bank Ltd,SIBK
DCB Bank Ltd,DCBA
Choice International Ltd,CHOI
Sula Vineyards Ltd,SULA
Gateway Distriparks Ltd,GAT
Moil Ltd,MOIL
Mold-Tek Packaging Ltd,MOLT
PG Electroplast Ltd,PGEL
HBL Power Systems Ltd,HBLS
Nilkamal Ltd,NKML
PTC Industries Ltd,PTC
D B Realty Ltd,DBRL
Thomas Cook (India) Ltd,THOM
HMT Ltd,HMTL
Man Infraconstruction Ltd,MANI
Greaves Cotton Ltd,GRVL
Johnson Controls-Hitachi Air Conditioning India Ltd,JCHA
Strides Pharma Science Ltd,SRID
Dalmia Bharat Sugar and Industries Ltd,DLMI
R Systems International Ltd,RSYS
Voltamp Transformers Ltd,VOTL
Tata Steel Long Products Ltd,TTST
Kaveri Seed Company Ltd,KVRI
Pricol Ltd,PRCO
Electronics Mart India Ltd,EMI
Dodla Dairy Ltd,DOD
Dhanuka Agritech Ltd,DHNP
Indoco Remedies Ltd,INRM
Tarsons Products Ltd,TARS
TCNS Clothing Co Ltd,TCNS
Sudarshan Chemical Industries Ltd,SDCH
Uflex Ltd,UFLX
Advanced Enzyme Technologies Ltd,ADEN
Kewal Kiran Clothing Ltd,KKCL
Shivalik Bimetal Controls Ltd,SHBC
Somany Home Innovation Ltd,SOMN
Apcotex Industries Ltd,APCI
Ethos Ltd,ETH
JTL Infra Ltd,JTL
Shanthi Gears Ltd,SHNT
PTC India Ltd,PTCI
Dish TV India Ltd,DSTV
Ramky Infrastructure Ltd,RAMK
Jindal Poly Films Ltd,JPLY
LG Balakrishnan & Bros Ltd,LGB
Max Ventures and Industries Ltd,MAXV
Neuland Laboratories Ltd,NEUL
Raj Rayon Industries Ltd,RRAY
Hemisphere Properties India Ltd,HEMI
Camlin Fine Sciences Ltd,CAMF
India Tourism Development Corp Ltd,ITDC
Mahindra Logistics Ltd,MALO
Fineotex Chemical Ltd,FINE
SBI-ETF Gold,SBIG
Arvind Ltd,ARVN
Navneet Education Ltd,NAVN
TD Power Systems Ltd,TDPS
Indo Count Industries Ltd,ICNT
Sunflag Iron and Steel Co Ltd,SFLG
Unichem Laboratories Ltd,UNLB
Ganesh Housing Corp Ltd,GHFC
Jai Corp Ltd,JAIC
Dilip Buildcon Ltd,DIBL
Astec Lifesciences Ltd,ASTE
Orient Cement Ltd,ORCE
AGI Greenpac Ltd,HSNT
WPIL Ltd,WPI
Nippon India ETF Liquid BeES,LBES
Madhya Bharat Agro Products Ltd,MADY
Maithan Alloys Ltd,MAIT
Wonderla Holidays Ltd,WOHL
Globus Spirits Ltd,GLOS
Astra Micro Wave Products Ltd,ASTM
Grauer And Weil (India) Ltd,GRAU
JTEKT India Ltd,JTEK
Prime Focus Ltd,PRFO
Steel Strips Wheels Ltd,STWH
Kirloskar Industries Ltd,KIRL
India Pesticides Ltd,IPL
IOL Chemicals and Pharmaceuticals Ltd,IOLC
Shriram Pistons & Rings Ltd,SHIE
IFCI Ltd,IFCI
Goodyear India Ltd,GOODY
Sadhana Nitro Chem Ltd,SADH
Honda India Power Products Ltd,HOND
Hindustan Construction Company Ltd,HCNS
Sagar Cements Ltd,SGRC
PSP Projects Ltd,PSPP
Tata Metaliks Ltd,TMET
Avalon Technologies Ltd,AVAL
Best Agrolife Ltd,BES
Hathway Cable and Datacom Ltd,HAWY
Wockhardt Ltd,WCKH
Va Tech Wabag Ltd,VATE
Ashoka Buildcon Ltd,ABDL
Fiem Industries Ltd,FIIN
Uniparts India Ltd,UNIP
Barbeque-Nation Hospitality Ltd,BARBE
Thyrocare Technologies Ltd,THYO
Black Box Ltd,AGCN
Apollo Pipes Ltd,AOLL
Siyaram Silk Mills Ltd,SIYR
Genus Power Infrastructures Ltd,GEOE
Zen Technologies Ltd,ZETE
Paisalo Digital Ltd,PISA
Tilaknagar Industries Ltd,TILK
Paushak Ltd,PAU
Dreamfolks Services Ltd,DRE
Tasty Bite Eatables Ltd,TABE
Landmark Cars Ltd,LANDA
Cigniti Technologies Ltd,CIGN
Bajaj Consumer Care Ltd,BACO
Somany Ceramics Ltd,SOCE
Shilpa Medicare Ltd,SHME
Dishman Carbogen Amcis Ltd,DSHM
Gabriel India Ltd,GABR
Mayur Uniquoters Ltd,MAYU
Venky's (India) Ltd,VENK
Ganesha Ecosphere Ltd,GANS
Gokaldas Exports Ltd,GOKL
ICICI Prudential Nifty ETF,ICNI
Electrosteel Castings Ltd,ELST
Jayaswal Neco Industries Ltd,JAYN
VST Tillers Tractors Ltd,VST
Jain Irrigation Systems Ltd,JAIR
Meghmani Organics Ltd,MOM
ISMT Ltd,ISMT
Kovai Medical Center and Hospital Ltd,KOV
Saksoft Ltd,SAKS
DB Corp Ltd,DBCL
Lumax AutoTechnologies Ltd,LUAT
Magellanic Cloud Ltd,MCLO
TVS Srichakra Ltd,TVSC
Dhani Services Ltd,INDB
Emudhra Ltd,EMU
Sg Finserve Ltd,MOO
Accelya Solutions India Ltd,ACCY
Eveready Industries India Ltd,ERDY
MSTC Ltd,MSTC
Jain Irrigation Systems Ltd,JAIRdv
Sharda Motor Industries Ltd,SHAD
J Kumar Infraprojects Ltd,JKIP
Thirumalai Chemicals Ltd,THRM
Vindhya Telelinks Ltd,VNDY
HIL Ltd,HLLT
Swaraj Engines Ltd,SWAR
MM Forgings Ltd,MMFO
Paras Defence and Space Technologies Ltd,PARAS
Kingfa Science and Technology (India) Ltd,KINA
Lloyds Steels Industries Ltd,LSIL
Divgi TorqTransfer Systems Ltd,DIVG
Gulf Oil Lubricants India Ltd,GOLU
Hindustan Oil Exploration Company Ltd,HOEX
ITD Cementation India Ltd,ITCM
Balmer Lawrie and Company Ltd,BLMR
Brightcom Group Ltd,BRIH
Subros Ltd,SUBR
Agro Tech Foods Ltd,AGRO
Kotak Gold Etf,KTGF
Dynamatic Technologies Ltd,DYNM
Dollar Industries Ltd,DLLA
Butterfly Gandhimathi Appliances Ltd,BUTT
Welspun Enterprises Ltd,WELS
Tips Industries Ltd,TIPS
Stylam Industries Ltd,STY
Kesoram Industries Ltd,KSRM
Pilani Investment And Industries Corporation Ltd,PILN
Time Technoplast Ltd,TIME
CARE Ratings Ltd,CREI
Kolte-Patil Developers Ltd,KOLT
Lumax Industries Ltd,LUMA
Rupa & Company Ltd,RUCL
Gufic Biosciences Ltd,GUFI
Virescent Renewable Energy Trust,VIRE
Savita Oil Technologies Ltd,SAOL
HDFC Gold Exchange Traded Fund,HDGO
ICICI Prudential Gold ETF,IPEG
Nippon India ETF Junior BeES,JBES
Vidhi Specialty Food Ingredients Ltd,VIDH
Cartrade Tech Ltd,CART
Sundaram Finance Holdings Ltd,SNDA
Spicejet Ltd,SPJT
Primo Chemicals Ltd,PUNAL
Mukand Ltd,MUKA
Bajaj Hindusthan Sugar Ltd,BJHN
Ashiana Housing Ltd,AHFN
Waaree Renewable Technologies Ltd,SAR
Datamatics Global Services Ltd,DATC
Jyoti Resins and Adhesives Ltd,JYOTI
Jaiprakash Associates Ltd,JAIA
KPI Global Infrastructure Ltd,KPI
Bombay Dyeing and Mfg Co Ltd,BDYN
SeQuent Scientific Ltd,SEQU
Federal-Mogul Goetze (India) Ltd,FEDM
Wendt (India) Limited,WNDT
Banco Products (India) Ltd,BNCO
Puravankara Ltd,PURA
DCX Systems Ltd,DCX
TTK Healthcare Ltd,TTKH
Subex Ltd,SUBX
Venus Pipes & Tubes Ltd,VENUS
Andhra Paper Ltd,ANDA
IIFL Securities Ltd,IIFS
Panama Petrochem Ltd,PAPT
Seshasayee Paper and Boards Ltd,SSHA
Vakrangee Ltd,VAKR
Aptech Ltd,APTA
Prataap Snacks Ltd,PRAT
Amrutanjan Health Care Ltd,AJAN
Imagicaaworld Entertainment Ltd,IMAW
Fino Payments Bank Ltd,FINOP
Supriya Lifescience Ltd,SUPRI
Dwarikesh Sugar Industries Ltd,DWAR
IndoStar Capital Finance Ltd,INAC
Confidence Petroleum India Ltd,CONF
GNA Axles Ltd,GNAA
Texmaco Rail & Engineering Ltd,TEXA
Greenply Industries Ltd,GRPL
Yasho Industries Ltd,YASH
Aditya Vision Ltd,AVL
India Glycols Ltd,IGLY
Vishnu Chemicals Ltd,VICH
Force Motors Ltd,FORC
Sanghvi Movers Ltd,SNGM
Huhtamaki India Ltd,HUHT
Steel Exchange India Ltd,STEI
Filatex India Ltd,FLTX
Kabra Extrusion Technik Ltd,KBRE
NACL Industries Ltd,NACL
Tamilnadu Newsprint & Papers Ltd,TNNP
Bhansali Engg Polymers Ltd,BHAN
RattanIndia Power Ltd,RTNP
Orissa Minerals Development Company Ltd,ORIS
Fairchem Organics Ltd,FAI
Sirca Paints India Ltd,SICR
Sanghi Industries Ltd,SNGI
Seamec Ltd,SEAM
Oriental Hotels Ltd,ORHT
ADF Foods Ltd,AMRN
Dhampur Sugar Mills Ltd,DAMS
Cosmo Films Ltd,CSFL
Orchid Pharma Ltd,ORCD
Cantabil Retail India Ltd,CRIL
Krsnaa Diagnostics Ltd,KRS
Axita Cotton Ltd,AXI
Nucleus Software Exports Ltd,NSEL
Carysil Ltd,ACR
Jagran Prakashan Ltd,JAGP
Tanfac Industries Ltd,TAMF
Gokul Agro Resources Ltd,GOKG
Alembic Ltd,ALMC
Andhra Sugars Ltd,ANDS
Bharat Bijlee Ltd,BBJL
Goldiam International Ltd,GOLI
GOCL Corp Ltd,GOCL
S H Kelkar and Company Ltd,SHKE
JSW Ispat Special Products Ltd,MNET
Gati Ltd,GATI
Heritage Foods Ltd,HEFI
Indian Metals and Ferro Alloys Ltd,IMFA
Shalby Ltd,SHAY
Kiri Industries Ltd,KIRI
Hester Biosciences Ltd,HEST
BF Investment Ltd,BFIN
Foseco India Ltd,FSCO
Thejo Engineering Ltd,THEJ
Patel Engineering Ltd,PENG
Kotak Nifty ETF,KOTK
Sterling Tools Ltd,STTL
Vardhman Special Steels Ltd,VARM
I G Petrochemicals Ltd,IGPT
MPS Ltd,MPSL
Shankara Building Products Ltd,SHAB
SEPC Ltd,SHRI
Tarc Ltd,TART
Rama Steel Tubes Ltd,RAMA
Gallantt Metal Ltd,GALM
Hariom Pipe Industries Ltd,HARIO
Nelco Ltd,NELC
Bhagiradha Chemicals and Industries Ltd,BHAG
DEN Networks Ltd,DENN
NRB Bearings Ltd,NBEA
Monte Carlo Fashions Ltd,MOCF
Ador Welding Ltd,ADOR
Novartis India Ltd,NOVAR
Tide Water Oil Co India Ltd,TIDE
Optiemus Infracom Ltd,OPTI
Heranba Industries Ltd,HER
Themis Medicare Ltd,THEM
Marathon Nextgen Realty Ltd,MANE
EIH Associated Hotels Ltd,EIHA
Insecticides (India) Ltd,ISIL
Polo Queen Industrial and Fintech Ltd,PQI
Thanga Mayil Jewellery Ltd,THNG
Timex Group India Ltd,TIM
Morepen Laboratories Ltd,MORL
Kalyani Steels Ltd,KLSL
Arvind Smartspaces Ltd,ARVD
Krishana Phoschem Ltd,KRPH
Gensol Engineering Ltd,GEN
Styrenix Performance Materials Ltd,INEO
Xpro India Ltd,XPRO
Everest Industries Ltd,EVRI
Nitin Spinners Ltd,NISP
Southern Petrochemical Industries Corporation Ltd,SPIC
SML Isuzu Ltd,SMLI
TAJ GVK Hotels and Resorts Ltd,TAJG
KDDL Ltd,KDDL
Media Matrix Worldwide Ltd,MMW
SJS Enterprises Ltd,SJS
Gujarat Industries Power Company Ltd,GJIP
TCPL Packaging Ltd,TCPL
Oriental Aromatics Ltd,OIEN
Vadilal Industries Ltd,VDLI
Expleo Solutions Ltd,EXPL
RPG Life Sciences Ltd,RPGL
DCW Ltd,DCWL
Valiant Organics Ltd,VALI
KCP Ltd,KCP
SOM Distilleries and Breweries Ltd,SDB
Precision Wires India Ltd,PRWR
Wardwizard Innovations & Mobility Ltd,WAR
Universal Cables Ltd,UNVR
Gulshan Polyols Ltd,GULS
Sanmit Infra Ltd,SANI
Rane Holdings Ltd,RANE
Manorama Industries Ltd,MANO
Sasken Technologies Ltd,SKCT
Ugro Capital Ltd,UGR
Precision Camshafts Ltd,PRCM
Stove Kraft Ltd,STOVE
Kuantum Papers Ltd,KAUN
AVT Natural Products Ltd,AVTN
Solara Active Pharma Sciences Ltd,SOLA
Salasar Techno Engineering Ltd,SALA
Ashapura Minechem Ltd,ASHM
Sandhar Technologies Ltd,SNTL
Alicon Castalloy Ltd,ALIO
Mold-Tek Packaging Ltd,MOL
BF Utilities Ltd,BFUT
Garware Hi-Tech Films Ltd,GARWR
Reliance Industrial Infrastructure Ltd,REII
Abans Holdings Ltd,AHL
Goodluck India Ltd,GLST
Satia Industries Ltd,SATD
Manali Petrochemicals Ltd,MNLI
Satin Creditcare Network Ltd,SATR
Wheels India Ltd,WHEL
Inox Green Energy Services Ltd,INOX
Suven Life Sciences Ltd,SUVP
Arman Financial Services Ltd,ARLF
Ugar Sugar Works Ltd,UGSW
Mahanagar Telephone Nigam Ltd,MTNL
TGV SRAAC Ltd,SREER
Inox Wind Energy Ltd,IWE
Sangam (India) Ltd,SANG
EKI Energy Services Ltd,EKI
Indo Rama Synthetics (India) Ltd,IRSY
Repco Home Finance Ltd,RHFL
Knowledge Marine & Engineering Works Ltd,KME
GRM Overseas Ltd,GRM
PC Jeweller Ltd,PCJE
GTPL Hathway Ltd,GTPH
Matrimony.Com Ltd,MATI
New Delhi Television Ltd,NDTV
Skipper Ltd,SKIP
GMR Power and Urban Infra Ltd,GMR
Shanti Educational Initiatives Ltd,SEI
Madras Fertilizers Ltd,MDFT
Axiscades Technologies Ltd,AXIT
DISA India Ltd,GEO
TV Today Network Ltd,TVTO
Dhampur Bio Organics Ltd,DBO
Veranda Learning Solutions Pvt Ltd,VERAN
Igarashi Motors India Ltd,IGAM
RPSG Ventures Ltd,CESV
Ritesh Properties and Industries Ltd,RPI
Jash Engineering Ltd,JSHE
Likhitha Infrastructure Ltd,LIKH
Bharat Wire Ropes Ltd,BHWR
Infobeans Technologies Ltd,IFOB
Ramco Industries Ltd,RAMC
Finkurve Financial Services Ltd,FINK
Speciality Restaurants Ltd,SPRE
Genesys International Corporation Ltd,GENS
Shriram Properties Ltd,SHRIR
Shivalik Rasayan Ltd,SHIVL
Asian Star Co Ltd,AST
Excel Industries Ltd,EXCI
Ganesh Benzoplast Ltd,GANES
Anup Engineering Ltd,ANUE
Nalwa Sons Investments Ltd,NALS
Deep Industries Ltd,DEEPI
Artemis Medicare Services Ltd,ATEM
Gujarat Themis Biosyn Ltd,GUJTH
Everest Kanto Cylinder Ltd,EKCL
Pokarna Ltd,POKR
PIX Transmissions Ltd,PIX
Suryoday Small Finance Bank Ltd,SURYO
Kitex Garments Ltd,KITE
Mangalore Chemicals and Fertilisers Ltd,MNGL
Shalimar Paints Ltd,SHLP
Andrew Yule & Co Ltd,ANDR
Elpro International Ltd,ELP
Uttam Sugar Mills Ltd,UTSM
Geojit Financial Services Ltd,GEOJ
Pnb Gilts Ltd,PNBG
Raghav Productivity Enhancers Ltd,RPE
Shree Digvijay Cement Co Ltd,SRDC
Ajmera Realty & Infra India Ltd,AJME
Shree Global Tradefin Ltd,SHRG
Welspun Specialty Solutions Ltd,REMI
Moschip Technologies Ltd,MOS
G M Breweries Ltd,GMBR
BCL Industries Ltd,BCLI
Uniphos Enterprises Ltd,UNPH
Steel Cast Ltd,STEE
Nahar Spinning Mills Ltd,NHRS
Radiant Cash Management Services Ltd,RADIA
RACL Geartech Ltd,RACL
Parag Milk Foods Ltd,PAMF
GTL Infrastructure Ltd,GTLI
Avadh Sugar & Energy Ltd,AVAD
Shaily Engineering Plastics Ltd,SHAIL
ULTRAMARINE & PIGMENTS Ltd,ULTR
Jaybharat Textiles and Real Estate Ltd,JAYT
Transpek Industry Ltd,TRANP
Hi-Tech Pipes Ltd,HITC
KMC Speciality Hospitals India Ltd,KMC
India Power Corporation Ltd,DPSC
M K Proteins Ltd,MKPR
Pitti Engineering Ltd,PITE
Rajnish Wellness Ltd,RAJ
Ddev Plastiks Industries Ltd,DDE
Chaman Lal Setia Exports Ltd,CHAMA
Roto Pumps Ltd,ROT
Punjab Chemicals and Crop Protection Ltd,PCHM
Rico Auto Industries Ltd,RAUT
Centum Electronics Ltd,CENT
Omaxe Ltd,OMAX
Rossell India Ltd,ROSS
Mirza International Ltd,MIRZ
Praveg Ltd,PRAV
Focus Lighting and Fixtures Ltd,FOCS
Chemcon Speciality Chemicals Ltd,CHEMC
Pearl Global Industries Ltd,PGIL
Prakash Industries Ltd,PRKI
Global Surfaces Ltd,GSLSU
Ester Industries Ltd,ESTR
Vinyl Chemicals India Ltd,VNYL
Control Print Ltd,CONP
S. P. Apparels Ltd,SPAP
Hardwyn India Ltd,HAR
Pennar Industries Ltd,PENN
Cressanda Solutions Ltd,CRES
Linc Ltd,LINC
Shiva Cement Ltd,SHIVC
Bigbloc Construction Ltd,BIGB
Agarwal Industrial Corporation Ltd,AGWL
D Link (India) Limited,DLIL
Orient Paper and Industries Ltd,ORPP
PTC India Financial Services Ltd,PTCN
Transformers and Rectifiers (India) Ltd,TRNF
Kamdhenu Ltd,KAMI
Lancer Container Lines Ltd,LAN
Dolat Algotech Ltd,DOLA
5Paisa Capital Ltd,PAIS
Ge Power India Ltd,GEPO
Spacenet Enterprises India Ltd,SACE
Dredging Corporation of India Ltd,DRDG
Rhetan TMT Ltd,RHE
Ngl Fine Chem Ltd,NGL
Medicamen Biotech Ltd,MEDI
Jagsonpal Pharmaceuticals Ltd,JGSN
B L Kashyap and Sons Ltd,BLKS
India Motor Parts & Accessories Ltd,IMPA
Nelcast Ltd,NLCA
Sportking India Ltd,SPO
Atul Auto Ltd,ATUL
Royal Orchid Hotels Ltd,ROYL
Permanent Magnets Ltd,PERM
Capacite Infraprojects Ltd,CAPE
Jindal Drilling and Industries Ltd,JNDR
GIC Housing Finance Ltd,GICH
Bajaj Healthcare Ltd,BAJ
Century Enka Ltd,CNTE
HDFC Nifty 50 ETF,HDFN
Udaipur Cement Works Ltd,JKU
Bodal Chemicals Ltd,BODA
Ambika Cotton Mills Ltd,AMBK
Enkei Wheels (India) Ltd,ENK
Ncl Industries Ltd,NCLI
RSWM Ltd,RSWM
IFGL Refractories Ltd,IFGL
Vimta Labs Ltd,VIML
Vardhman Holdings Ltd,VRDM
Arihant Superstructures Ltd,ARIS
Ram Ratna Wires Ltd,RAMR
Shankar Lal Rampal Dye-Chem Ltd,SRD
India Nippon Electricals Ltd,INEL
Saint-Gobain Sekurit India Ltd,SAINT
Jai Balaji Industries Ltd,JAIB
Balmer Lawrie Investments Ltd,BLI
BEML Land Assets Ltd,BLAL
Navkar Corporation Ltd,NAVR
Sree Rayalaseema Hi-Strength Hypo Ltd,SRHL
Hexa Tradex Ltd,HEXA
Sutlej Textiles and Industries Ltd,SUTI
Himatsingka Seide Ltd,HMSD
Renaissance Global Ltd,RENA
Nitta Gelatin India Ltd,KERA
Aurionpro Solutions Ltd,APSL
National Peroxide Ltd,NATPE
Shakti Pumps India Ltd,SHPU
Bliss GVS Pharma Ltd,BLIS
Beekay Steel Industries Ltd,BEEK
Dhunseri Ventures Ltd,DHUN
Manaksia Ltd,MANK
Varanium Cloud Ltd,CLO
SMC Global Securities Ltd,SMC
Balu Forge Industries Ltd,AMAZ
Lincoln Pharmaceuticals Ltd,LINP
Avantel Ltd,AVA
Mangalam Cement Ltd,MGLC
Forbes & Company Ltd,FORB
Ramco Systems Ltd,RMCS
Rushil Decor Ltd,RUSH
63 Moons Technologies Ltd,63MO
Orient Bell Ltd,ORBL
Kalyani Investment Company Ltd,KALA
Indraprastha Medical Corporation Ltd,IMCL
Mold-Tek Technologies Ltd,MOLD
Heubach Colorants India Ltd,CLAC
Centrum Capital Ltd,CENC
Wardwizard Foods and Beverages Ltd,VEG
Tamilnadu Petroproducts Ltd,TPL
Mishtann Foods Ltd,MISHT
Beta Drugs Ltd,BTAD
John Cockerill India Ltd,FLA
Sigachi Industries Ltd,SIGA
Sastasundar Ventures Ltd,SAST
S Chand and Company Ltd,SCHA
Kokuyo Camlin Ltd,KOCL
Kopran Ltd,KPRN
Texmaco Infrastructure & Holdings Ltd,TEXM
Onward Technologies Ltd,OTEC
Panacea Biotec Ltd,PNCA
Onmobile Global Ltd,ONMO
Paramount Communications Ltd,PCML
Khaitan Chemicals and Fertilizers Ltd,KHA
Dharamsi Morarji Chemical Co Ltd,DHARA
Spectrum Electrical Industries Ltd,SPET
Shilchar Technologies Ltd,SHIL
TVS Electronics Ltd,TVEL
Antony Waste Handling Cell Ltd,AWH
Refex Industries Ltd,REFE
Rachana Infrastructure Ltd,RIL
Quick Heal Technologies Ltd,QUIC
Ksolves India Ltd,KSOL
Rane (Madras) Ltd,RAMD
Zota Health Care Ltd,ZOTA
Emami Paper Mills Ltd,EMAP
Black Rose Industries Ltd,BLAC
Binny Ltd,BINNY
Foods and Inns Ltd,FOO
Oriental Carbon & Chemicals Ltd,ORCR
HLV Ltd,HLVL
HP Adhesives Ltd,HPA
D P Abhushan Ltd,DPAB
SMS Pharmaceuticals Ltd,SMSP
Tuticorin Alkali Chemicals and Fertilizers Ltd,TUT
BMW Industries Ltd,BMW
Monarch Networth Capital Ltd,MONA
Allsec Technologies Ltd,ALLS
Sandesh Ltd,SNDH
Medico Remedies Ltd,MED
Visaka Industries Ltd,VSKI
Gloster Ltd,GLO
Cheviot Co Ltd,CHEV
Coffee Day Enterprises Ltd,CODE
LIC MF ETF-Sensex,LICM
Tracxn Technologies Ltd,TRAC
Nahar Poly Films Ltd,NAHR
Kirloskar Electric Company Ltd,KREL
Jet Airways (India) Ltd,JET
Shreyas Shipping and Logistics Ltd,SRSH
Nagarjuna Fertilizers and Chemicals Ltd,NGFR
Tourism Finance Corporation of India Ltd,TFCI
Orient Green Power Company Ltd,ORIN
Indian Hume Pipe Company Ltd,IHME
Associated Alcohols & Breweries Ltd,ASAL
Summit Securities Ltd,SUMM
Vascon Engineers Ltd,VASC
Xchanging Solutions Ltd,XCHA
Jay Bharat Maruti Ltd,JYBM
Elin Electronics Ltd,ELIN
Bharat Agri Fert & Realty Ltd,BHARG
Apollo Micro Systems Ltd,APLL
UTI Gold Exchange Traded Fund,UTGF
Yuken India Ltd,YUK
Davangere Sugar Company Ltd,DAV
Kamdhenu Ventures Ltd,KAMO
Nikhil Adhesives Ltd,NIKH
Sat Industries Ltd,SATI
Gandhi Special Tubes Ltd,GDTB
Mac Charles (India) Ltd,MCC
Hercules Hoists Ltd,HERC
Asian Granito India Ltd,ASGI
Deccan Cements Ltd,DCNC
Indo Amines Ltd,INDOM
Sukhjit Starch and Chemicals Ltd,SUK
Jubilant Industries Ltd,JUBL
AGS Transact Technologies Ltd,AGS
Trucap Finance Ltd,DHA
Goyal Aluminiums Ltd,ADV
Apex Frozen Foods Ltd,APEX
Ruby Mills Ltd,RUBY
CWD Ltd,CWD
Entertainment Network (India) Ltd,ENIL
APM Finvest Ltd,APM
V L S Finance Ltd,VLSF
Dcm Shriram Industries Ltd,DCM
Ravindra Energy Ltd,RELT
ShreeOswal Seeds and Chemicals Ltd,SHSE
UTI-Nifty Next 50 Exchange Traded Fund,UTII
Marine Electricals (India) Ltd,MARN
Harita Seating Systems Ltd,HASS
Sayaji Hotels Ltd,SAY
Talbros Automotive Components Ltd,TALB
EFC (1) Ltd,AMAN
Servotech Power Systems Ltd,SERO
Rajapalayam Mills Ltd,RAJPL
Cool Caps Industries Ltd,COO
Menon Bearings Ltd,MENO
Capital India Finance Ltd,CIF
Innovana Thinklabs Ltd,INTB
TAAL Enterprises Ltd,TAA
Dharmaj Crop Guard Ltd,DHARM
HPL Electric & Power Ltd,HPLE
Eldeco Housing and Industries Ltd,ELD
Iris Clothings Ltd,IRIC
Snowman Logistics Ltd,SNOW
Syncom Formulations (India) Ltd,SYN
Sel Manufacturing Company Ltd,SELM
Aurum Proptech Ltd,MAJC
Empyrean Cashews Ltd,KRISI
Bhageria Industries Ltd,BHAE
Mkventures Capital Ltd,IKA
Kellton Tech Solutions Ltd,KELL
K&R Rail Engineering Ltd,KRR
Donear Industries Ltd,DONE
GFL Ltd,GFLL
Oswal Greentech Ltd,OSGL
Zuari Agro Chemicals Ltd,ZUAR
D P Wires Ltd,DPWI
Deccan Gold Mines Ltd,DECN
Swelect Energy Systems Ltd,SWEL
AGI Infra Ltd,AGI
Rane Brake Linings Ltd,RABL
3i Infotech Ltd,TIIN
KSE Ltd,KSE
Man Industries India Ltd,MIND
De Nora India Ltd,DENO
Banswara Syntex Ltd,BANS
Sheetal Cool Products Ltd,SCP
Andhra Petrochemicals Ltd,AND
Zee Media Corporation Ltd,ZEEN
Dr Agarwal's Eye Hospital Ltd,DRAG
IST Ltd,ISTL
Integra Engineering India Ltd,INTEE
Jindal Poly Investment and Finance Company Ltd,JINL
Remedium Lifecare Ltd,ROX
Automotive Stampings and Assemblies Ltd,ASAS
Balaxi Pharmaceuticals Ltd,BALX
Bajaj Steel Industries Ltd,BAJAJ
Magadh Sugar & Energy Ltd,MGAD
Virtuoso Optoelectronics Ltd,VOE
Spencer's Retail Ltd,SPEN
Windlas Biotech Ltd,WINDL
Shree Pushkar Chemicals & Fertilisers Ltd,SPCH
Repro India Ltd,RPRO
Anjani Portland Cement Ltd,ANCM
Lords Chloro Alkali Ltd,MODIA
Nicco Parks & Resorts Ltd,NIC
Wim Plast Ltd,WIM
Ice Make Refrigeration Ltd,ICEM
Kanoria Chemicals and Industries Ltd,KNRC
Peninsula Land Ltd,PENL
Salzer Electronics Ltd,SALZ
Exxaro Tiles Ltd,EXX
Shri Jagdamba Polymers Ltd,SHRJ
Chemcrux Enterprises Ltd,CHE
Quint Digital Media Ltd,GML
Aarti Surfactants Ltd,AARU
Diamines and Chemicals Ltd,DIAMI
Mallcom (India) Ltd,MAL
Jayant Agro-Organics Ltd,JAAO
ZF Steering Gear (India) Ltd,ZFS
Morganite Crucible (India) Ltd,MORGA
Algoquant Fintech Ltd,HINDE
Creative Newtech Ltd,CREA
Blue Cloud Softech Solutions Ltd,BLUE
Automobile Corp Of Goa Ltd,AUTOC
Stovec Industries Ltd,STOV
Dynacons Systems and Solutions Ltd,DSSL
Singer India Ltd,SING
Aditya BSL Nifty ETF,ADIY
Muthoot Capital Services Ltd,MUTH
Benares Hotels Ltd,BENA
Nahar Capital and Financial Services Ltd,NAHA
Nahar Industrial Enterprises Ltd,NHIE
MMP Industries Ltd,MMPI
B&B Triplewall Containers Ltd,BBTR
Nupur Recyclers Ltd,NRL
State Trading Corporation of India Ltd,STCI
Hi-Tech Gears Ltd,HTGR
Music Broadcast Ltd,MUSI
IFB Agro Industries Ltd,IFBA
United Drilling Tools Ltd,UNID
Voith Paper Fabrics India Ltd,PORR
Baroda Rayon Corporation Ltd,BAROD
Starlineps Enterprises Ltd,STA
Crest Ventures Ltd,CRSV
Allied Digital Services Ltd,ADIS
Natural Capsules Ltd,NATC
Standard Capital Markets Ltd,STANC
ASM Technologies Ltd,ASM
Jagatjit Industries Ltd,JAGAJ
Digispice Technologies Ltd,DIGS
Ritco Logistics Ltd,RITC
Universus Photo Imagings Ltd,UNIH
Jyoti Structures Ltd,JYTS
CSL Finance Ltd,CSLF
Piccadily Agro Industries Ltd,PICC
Tribhovandas Bhimji Zaveri Ltd,TBZL
SBC Exports Ltd,SBC
Vikas Lifecare Ltd,VIKM
Goa Carbon Ltd,GOAC
Urja Global Ltd,URJA
Toyam Industries Ltd,TOY
Northern Spirits Ltd,NSL
Artemis Electricals and Projects Ltd,ART
Sreeleathers Ltd,SREE
N R Agarwal Industries Ltd,NRAI
Anuh Pharma Ltd,ANUH
PTL Enterprises Ltd,PTLE
Amines and Plasticizers Ltd,AMN
Silver Touch Technologies Ltd,SILT
Upsurge Seeds Of Agriculture Ltd,USA
Premier Explosives Ltd,PRMR
HCL Infosystems Ltd,HCLI
Plastiblends India Ltd,PLST
Supershakti Metaliks Ltd,SUP
Sera Investments & Finance India Ltd,KAPA
Kotyark Industries Ltd,KOTY
Empire Industries Ltd,EMPI
Xtglobal Infotech Ltd,XTG
NIBE Ltd,NIB
PREVEST DENPRO LTD,PREV
Hindustan Composites Ltd,HFRD
Sunshield Chemicals Ltd,SUNSH
Balaji Telefilms Ltd,BLTE
Kamat Hotels (India) Ltd,KAMT
Axtel Industries Ltd,AXT
Revathi Equipment Ltd,REVA
Faze Three Ltd,FAZE
Kernex Microsystems (India) Ltd,KMIL
Dhanlaxmi Bank Ltd,DNBK
KP ENERGY Ltd,KPE
Arihant Capital Markets Ltd,ARIH
Mangalam Organics Ltd,MANOR
Vardhman Acrylics Ltd,VARD
Munjal Auto Industries Ltd,MUAU
HPC Biosciences Ltd,HPC
SAR Auto Products Ltd,SAP
Tiger Logistics (India) Ltd,TIG
Om Infra Ltd,OMET
Fourth Dimension Solutions Ltd,FOUT
Fermenta Biotech Ltd,FERM
Khadim India Ltd,KHAD
Yash Pakka Limited,YASHP
Ponni Sugars (Erode) Ltd,PONS
Suryalata Spinning Mills Ltd,SURYL
Liberty Shoes Ltd,LIBS
Sakar Healthcare Ltd,SAKA
Goodricke Group Ltd,GOOD
Jeena Sikho Lifecare Ltd,JSLL
Ascom Leasing & Investments Ltd,ASCM
Mafatlal Industries Ltd,MAFA
A-1 Acid Ltd,AAL
Career Point Ltd,CARP
Fredun Pharmaceuticals Ltd,FRE
Kaya Ltd,KAYA
Haldyn Glass Ltd,HALD
Oswal Agro Mills Ltd,OWAG
Investment Trust of India Ltd,TNVE
Dynamic Cables Ltd,DYN
GRP Ltd,GRPI
IND Swift Laboratories Ltd,ISLB
Annapurna Swadisht Ltd,ANNA
Birla Cable Ltd,BRLE
Max India Ltd,MAII
Nectar Lifesciences Ltd,NECT
Moneyboxx Finance Ltd,MON
GVK Power & Infrastructure Ltd,GVKP
Kiran Vyapar Ltd,KIR
Network People Services Technologies Ltd,NPS
Kriti Industries (India) Limited,KRITI
Selan Exploration Technology Ltd,SELA
Chemfab Alkalis Ltd,CHMF
NINtec Systems Ltd,NIN
Pudumjee Paper Products Ltd,PUDJ
Orbit Exports Ltd,ORBE
HT Media Ltd,HTML
Kwality Pharmaceuticals Ltd,KPL
Advani Hotels and Resorts (India) Ltd,ADHO
Raghuvir Synthetics Ltd,RAGHU
Veritas (India) Ltd,VER
Zim Laboratories Ltd,ZIM
Saurashtra Cement Ltd,SAUR
Suyog Telematics Ltd,SUY
BGR Energy Systems Ltd,BGRE
SKM Egg Products Export India Ltd,SKME
NXTDIGITAL Ltd,NXTD
VIP Clothing Ltd,VIPC
Reliance Communications Ltd,RLCM
Munjal Showa Ltd,MNJL
Dhunseri Investments Ltd,DHUS
Dynemic Products Ltd,DYPR
DIC India Ltd,DICI
Kothari Petrochemicals Ltd,KPOC
Pondy Oxides and Chemicals Ltd,PON
Rubfila International Ltd,RUBF
Prozone Intu Properties Ltd,PROZ
International Conveyors Ltd,INTL
Arrow Greentech Ltd,ARRO
Shyam Century Ferrous Ltd,SHYC
Nippon India ETF Nifty Midcap 150,NTFM
Rama Phosphates Ltd,RAMAH
Zuari Global Ltd,ZURI
Radhika Jeweltech Ltd,RAD
Mawana Sugars Ltd,MAWS
South West Pinnacle Exploration Ltd,SWPI
Star Housing Finance Ltd,ASHF
Vishal Fabrics Ltd,VIFA
Euro India Fresh Foods Ltd,EURN
Cupid Ltd,CUCO
Galaxy Bearings Ltd,GALXB
Indo Borax and Chemicals Ltd,INDOB
Prakash Pipes Ltd,PRAS
Chembond Chemicals Ltd,CHEM
Shree Ganesh Remedies Ltd,SGR
Asian Energy Services Ltd,ASIAO
Prime Securities Ltd,PRME
Delphi World Money Ltd,EBIW
Rana Sugars Ltd,RNSG
Tinna Rubber and Infrastructure Ltd,TINN
Sahyadri Industries Ltd,SAH
NBI Industrial Finance Company Ltd,NBII
Hind Rectifiers Ltd,HRCT
ADC India Communications Ltd,KRO
Kilburn Engineering Ltd,KILBU
FCS Software Solutions Ltd,FCSS
Genus Paper & Boards Ltd,GEUS
Mercury Metals Ltd,MERM
NDR Auto Components Ltd,NDRA
Deep Energy Resources Ltd,DEIN
Aym Syntex Ltd,AYMS
Aditya BSL Gold ETF,AITY
Unitech Ltd,UNTE
Affordable Robotic & Automation Ltd,AFF
Apollo Sindoori Hotels Ltd,APOS
GSS Infotech Ltd,GSSI
Websol Energy System Ltd,WESL
Equippp Social Impact Technologies Ltd,PROS
Kothari Products Ltd,KPRO
Mangalam Worldwide Ltd,MWL
Albert David Ltd,ALBD
Eimco Elecon India Ltd,EIMC
Emkay Taps and Cutting Tools Ltd,EMKY
Jindal Photo Ltd,JINP
Niyogin Fintech Ltd,NIY
Pavna Industries Ltd,PAV
Cybertech Systems and Software Ltd,CTSS
Ador Fontech Ltd,ADO
JITF Infralogistics Ltd,JITF
One Point One Solutions Ltd,ONEP
Hindustan Media Ventures Ltd,HINS
Oricon Enterprises Ltd,OREN
Consolidated Finvest & Holdings Ltd,CONS
Zenotech Laboratories Ltd,ZEN
KN Agri Resources Ltd,KNA
Shreeji Translogistics Ltd,STL
Inflame Appliances Ltd,INFL
Advait Infratech Ltd,ADVA
Nureca Ltd,NUR
MSP Steel & Power Ltd,MSPO
U. P. Hotels Ltd,UPH
Parsvnath Developers Ltd,PARV
Adhbhut Infrastructure Ltd,ADHB
Shish Industries Ltd,SHI
Supreme Holdings & Hospitality (India) Ltd,SUPRE
Kilpest India Ltd,KIL
Mangalam Global Enterprise Ltd,MANP
Rudrabhishek Enterprises Ltd,RURD
Suratwwala Business Group Ltd,SBG
Commercial Syn Bags Ltd,COMS
High Energy Batteries (India) Ltd,HIGH
Arfin India Ltd,ARF
Alliance Integrated Metaliks Ltd,AIM
Industrial and Prudential Investment Co Ltd,INDP
Rajnandini Metal Ltd,RADN
Kothari Sugars and Chemicals Ltd,KTSG
U Y Fincorp Ltd,UYF
Yamuna Syndicate Ltd,YSL
Loyal Textile Mills Ltd,LOYA
Osia Hyper Retail Ltd,OSIH
Ruchira Papers Ltd,RCHR
Shiv Aum Steels Ltd,SHVU
Axis Gold ETF,AXGF
Lyka Labs Ltd,LYKA
Wonder Fibromats Ltd,WOND
Sarla Performance Fibers Ltd,SARL
Race Eco Chain Ltd,ANI
Amal Ltd,AMAA
Global Education Ltd,GLOL
HCP Plastene Bulkpack Ltd,GOPA
MIRC Electronics Ltd,MIRC
Shivam Autotech Ltd,SHAU
Sil Investments Ltd,SILI
Pradeep Metals Ltd,PRADP
Walchandnagar Industries Ltd,WALC
A K Capital Services Ltd,AKC
Modi's Navnirman Ltd,MODIM
GKW Ltd,GKWL
Nandan Denim Ltd,NANE
Hitech Corporation Ltd,HITE
Vertoz Advertising Ltd,VERZ
Shemaroo Entertainment Ltd,SHEM
Nath Bio-Genes (I) Ltd,NATB
BPL Ltd,BPL
Solex Energy Ltd,SOEX
Orient Abrasives Ltd,ORNT
DCM Nouvelle Ltd,DCMN
Jenburkt Pharmaceuticals Ltd,JEN
Taneja Aerospace and Aviation Ltd,TANE
Hindusthan Urban Infrastructure Ltd,HUI
Macpower CNC Machines Ltd,MACP
Wealth First Portfolio Managers Ltd,WEAL
Hilton Metal Forging Ltd,HILT
Mindteck (India) Ltd,MDTK
Taylormade Renewables Ltd,TRL
Bharat Seats Ltd,BHARS
Cineline India Ltd,CIIN
Milkfood Ltd,MLK
Tierra Agrotech Ltd,TIE
Axis AAA Bond Plus SDL ETF-2026 Maturity,AXISB
Raghuvansh Agrofarms Ltd,RAF
CL Educate Ltd,CARU
Poddar Pigments Ltd,PODR
SKP Bearing Industries Ltd,SKS
Baid Finserv Ltd,BALF
Hubtown Ltd,HUBT
Frog Cellsat Ltd,FROG
Super House Ltd,SPRH
W S Industries (India) Ltd,WSIN
Dai Ichi Karkaria Ltd,DAIC
Insolation Energy Ltd,INI
Sinclairs Hotels Ltd,SINC
Vishwaraj Sugar Industries Ltd,VNSS
DU Digital Global Ltd,DUD
Mahalaxmi Rubtech Ltd,MHL
Sakuma Exports Ltd,SAKE
20 Microns Ltd,MICR
Master Trust Ltd,MASTE
Modi Naturals Ltd,MODIN
Integra Garments and Textiles Ltd,INGA
Indo Thai Securities Ltd,ITSL
Hindustan Motors Ltd,HMTR
Sakthi Sugars Ltd,SKSG
KCP Sugar and Industries Corp Ltd,KCPS
J L Morison (India) Ltd,JLM
MOS Utility Ltd,MSS
Veljan Denison Ltd,VEL
Mirae Asset Nifty 50 ETF,MIRA
IFL Enterprises Ltd,IFL
Asian Hotels (North) Ltd,ASHT
Vadilal Enterprises Ltd,VADI
Sealmatic India Ltd,SEAL
Mangalam Industrial Finance Ltd,MANG
Trigyn Technologies Ltd,TRIG
Aditya Birla Money Ltd,ABML
GPT Infraprojects Ltd,GPTI
V2 Retail Ltd,VREL
Windsor Machines Ltd,WIND
Panchmahal Steel Ltd,PANCH
Shri Dinesh Mills Ltd,SHRID
Euro Panel Products Ltd,EUROB
Autoline Industries Ltd,AUIN
Generic Engineering Construction and Projects Ltd,GENC
GeeCee Ventures Ltd,GECE
Waterbase Ltd,WTRB
STEL Holdings Ltd,STEL
MIC Electronics Ltd,MELC
Variman Global Enterprises Ltd,VAR
Systematix Corporate Services Ltd,SYST
Gokul Refoils and Solvent Ltd,GOKU
Waaree Technologies Ltd,WAAR
DHP India Ltd,DHP
Pasupati Acrylon Ltd,PASUP
Phantom Digital Effects Ltd,PHAN
Swiss Military Consumer Goods Ltd,NETW
Saraswati Commercial (India) Ltd,ZSAR
Nettlinx Ltd,NETT
Jaykay Enterprises Ltd,JKS
Talbros Engineering Ltd,TAL
Indag Rubber Ltd,INDAG
Bannari Amman Spinning Mills Ltd,BASP
UCAL Fuel Systems Ltd,UCAF
Kilitch Drugs (India) Ltd,KIDI
K M Sugar Mills Ltd,KMSU
UFO Moviez India Ltd,UFOM
Venus Remedies Ltd,VENR
Markolines Pavement Technologies Ltd,MTC
Sintercom India Ltd,SINE
Maan Aluminium Ltd,MANA
Coastal Corporation Ltd,COA
Mazda Ltd,MAZD
Riddhi Corporate Services Ltd,RIDD
Mahindra EPC Irrigation Ltd,MHID
Emami Realty Ltd,EMMI
PPAP Automotive Ltd,PPAP
QMS Medical Allied Services Ltd,QMS
Kings Infra Ventures Ltd,KING
Alufluoride Ltd,ALU
Manaksia Steels Ltd,MANM
Indrayani Biotech Ltd,INDRN
TPL Plastech Ltd,TPLP
Star Paper Mills Ltd,STPM
E2E Networks Ltd,EENE
Sika Interplant Systems Ltd,SIKA
Tembo Global Industries Ltd,TEMB
CAPTAIN PIPES Ltd,CAP
Vikas Ecotech Ltd,VIEC
Anmol India Ltd,ANM
Vijay Solvex Ltd,VIJ
Scooters India Ltd,SCO
Confidence Futuristic Energetech Ltd,CFE
Ajanta Soya Ltd,AJA
Megasoft Ltd,MSFT
Virinchi Ltd,VIRI
Cosmo Ferrites Ltd,COSM
International Travel House Ltd,INTLT
Vikram Thermo (India) Ltd,VIKR
Lakshmi Mills Company Ltd,LAKS
Ashima Ltd,ASHL
Super Sales India Ltd,SUPEU
Jay Shree Tea and Industries Ltd,JYST
Bombay Metrics Supply Chain Ltd,BME
Prime Fresh Ltd,PRI
Bambino Agro Industries Ltd,BAMB
Maheshwari Logistics Ltd,MAHW
Sejal Glass Ltd,SEZA
Aveer Foods Ltd,AVE
PVP Ventures Ltd,PVPV
MEP Infrastructure Developers Ltd,MPIN
Vaidya Sane Ayurved Laboratories Ltd,MADHA
Asahi Songwon Colors Lucky Laminates Ltd,ASSC
Indian Toners & Developers Ltd,INDT
Jay Ushin Ltd,JAYU
Brand Concepts Ltd,BRAN
Kaira Can Co Ltd,KAIR
Videocon Industries Ltd,VEDI
Bharat Road Network Ltd,BHRN
Systango Technologies Ltd,SYSTA
Zodiac Clothing Company Ltd,ZCCL
Sky Gold Ltd,SKY
SBI-ETF Nifty Bank,SBIF
Uday Jewellery Industries Ltd,UDA
Ceinsys Tech Ltd,CEI
Artson Engineering Ltd,ARTS
Indo National Ltd,INNL
Maral Overseas Ltd,MARL
Cochin Minerals and Rutile Ltd,COC
Thinkink Picturez Ltd,THI
Quest Capital Markets Ltd,BNK
Sarthak Metals Ltd,SML
Riddhi Siddhi Gluco Biols Ltd,RIDDH
Lotus Chocolate Company Ltd,LOT
Khoday India Ltd,KHOD
Mangalam Seeds Ltd,MSL
Goldstone Technologies Ltd,GOLD
ICICI Prudential Nifty Low Vol 30 ETF,IICI
Kriti Nutrients Ltd,KRIT
Salasar Exteriors and Contour Ltd,SALR
Manomay Tex India Ltd,MAN
SRG Housing Finance Ltd,SRGH
BEW Engineering Ltd,BEW
Lambodhara Textiles Ltd,LAMB
Multibase India Ltd,MULT
Take Solutions Ltd,TAKE
Aries Agro Ltd,ARAI
SoftSol India Ltd,SOF
Gujarat Apollo Industries Ltd,GJAI
Raj Television Network Ltd,RATV
Megastar Foods Ltd,MEG
Indian Terrain Fashions Ltd,ITFL
Bodhi Tree Multimedia Ltd,BTM
Reliance Capital Ltd,RLCP
Abans Enterprises Ltd,ABA
Eco Recycling Ltd,ECOR
Aban Offshore Ltd,ABAN
Deep Polymers Ltd,DEE
Birla Precision Technologies Ltd,BIRLA
Diksat Transworld Ltd,DIK
Indianivesh Ltd,INDIA
Lokesh Machines Ltd,LOMA
Bheema Cements Ltd,BHE
R & B Denims Ltd,RNB
Vaarad Ventures Ltd,VAA
Eros International Media Ltd,EROS
Accuracy Shipping Ltd,ACCU
Total Transport Systems Ltd,TOTA
Uni-Abex Alloy Products Ltd,UNIAB
Shreyans Industries Ltd,SHRY
South India Paper Mills Ltd,SIPA
PG Foils Ltd,PGF
Bhatia Communications & Retail (India) Ltd,BHA
Bhartiya International Ltd,BHAI
Menon Pistons Ltd,MEN
Vital Chemtech Ltd,VITAL
Indo Us Bio-Tech Ltd,IND
Panchsheel Organics Ltd,PANC
Dangee Dums Ltd,DANG
Ashapuri Gold Ornament Ltd,AGO
Bright Outdoor Media Ltd,BRIGT
Par Drugs and Chemicals Ltd,PARR
Inspirisys Solutions Ltd,INSP
MK Exim (India) Ltd,MKE
Future Consumer Ltd,FTRE
Aaron Industries Ltd,AARN
Precot Ltd,PREC
Indo Tech Transformers Ltd,INTT
DEV Information Technology Ltd,DEVN
B-Right RealEstate Ltd,BRR
Mangal Credit and Fincorp Ltd,MANCR
McLeod Russel India Ltd,MCLE
Ruttonsha International Rectifier Ltd,RIR
Sigma Solve Ltd,SIGM
Neelamalai Agro Industries Ltd,NEA
Harrisons Malayalam Ltd,HRMA
GIR Natureview Resorts Ltd,GIRN
Mitsu Chem Plast Ltd,MIT
DRS Dilip Roadlines Ltd,DRSD
Calcom Vision Ltd,CALC
All E Technologies Ltd,ALL
G M Polyplast Ltd,GMP
LGB Forge Ltd,LGBL
Sarveshwar Foods Ltd,SRVE
Jasch Industries Ltd,JAS
Dhunseri Tea & Industries Ltd,DHUT
Jay Jalaram Technologies Ltd,KOR
Radhe Developers (India) Ltd,RADHE
Shera Energy Ltd,SHERA
Modison Metals Ltd,MODIS
Sharp India Ltd,KALY
RMC Switchgears Ltd,RMC
Modern Insulators Ltd,MODIU
Murudeshwar Ceramics Ltd,MURD
India Gelatine & Chemicals Ltd,INDG
Newtime Infrastructure Ltd,NEWI
Macfos Ltd,ROB
Batliboi Ltd,BAT
Nila Infrastructures Ltd,NHI
Foce India Ltd,FOCE
VTM Ltd,VTM
Kanchi Karpooram Ltd,KANCH
Prabhat Technologies (India) Ltd,PTI
Oriental Rail Infrastructure Ltd,ORV
Mercantile Ventures Ltd,MER
JK Agri Genetics Ltd,JKA
DJ Mediaprint & Logistics Ltd,DJM
Sunshine Capital Ltd,SCL
Airan Ltd,AIRA
Kaiser Corporation Ltd,KACL
Pressman Advertising Ltd,PRES
Kanpur Plastipack Ltd,KANP
Asian Hotels East Ltd,ASHE
Simplex Infrastructures Ltd,SINF
Titan Biotech Ltd,TITAN
AVG Logistics Ltd,AVGL
Gretex Corporate Services Ltd,GCS
Bafna Pharmaceuticals Ltd,BAFP
SPL Industries Ltd,SPND
United Polyfab Gujarat Ltd,UNTD
OK Play India Ltd,OKP
Apollo Finvest (India) Ltd,APOLL
Intrasoft Technologies Ltd,INSO
Rajoo Engineers Ltd,RAJO
SPEL Semiconductor Ltd,SPICL
Narmada Gelatines Ltd,SHAW
MBL Infrastructures Ltd,MBLI
Rudra Global Infra Products Ltd,RUD
Evexia Lifecare Ltd,KAV
IL & FS Investment Managers Ltd,ILFS
Sadbhav Engineering Ltd,SADE
J C T Ltd,JCT
Ginni Filaments Ltd,GNNI
DIGJAM Ltd,DIGJ
Bharat Parenterals Ltd,BPLP
Alpine Housing Development Corporation Limited,ALPIN
Standard Industries Ltd,STDI
Bharat Gears Ltd,BGRS
RKEC Projects Ltd,RKEC
DC Infotech and Communication Ltd,DCIN
Panorama Studios International Ltd,PAN
Tyche Industries Ltd,TYC
SAH Polymers Ltd,SSH
Shree Rama Newsprint Ltd,SRNP
Alankit Ltd,ALAK
Aarvi Encon Ltd,AARI
BSL Ltd,BSLL
GP Petroleums Ltd,GPPE
Investment & Precision Castings Ltd,INV
Priti International Ltd,PRNI
Atam Valves Ltd,ATA
Kinetic Engineering Ltd,KINE
Reliance Naval and Engineering Ltd,RELV
Bedmutha Industries Ltd,BMIL
Aksharchem (India) Ltd,AKSH
Nippon India ETF Nifty SDL-2026 Maturity,NETF
TRF Ltd,TTRO
ELGI Rubber Co Ltd,ELGT
Emkay Global Financial Services Ltd,EMKS
Swastik Pipe Ltd,SWASI
Industrial Investment Trust Ltd,INDI
Ratnabhumi Developers Ltd,RAT
Hindustan Organic Chemicals Ltd,HOCL
Ducol Organics & Colours Ltd,DUC
Maximus International Ltd,MAX
Aryaman Financial Services Ltd,ARYAM
Texmo Pipes and Products Ltd,TEXO
Synergy Green Industries Ltd,SGI
DRC Systems India Ltd,DRC
Mangalam Drugs and Organics Ltd,MADR
RRIL Ltd,RRI
Ducon Infratechnologies Ltd,DUCO
Ruchi Infrastructure Ltd,RUCH
Udayshivakumar Infra Ltd,USK
Deepak Spinners Ltd,DEEP
P.E. Analytics Ltd,PROP
Danlaw Technologies India Ltd,DANL
Shree Vasu Logistics Ltd,SHEV
Essar Shipping Ltd,ESPL
Shri Venkatesh Refineries Ltd,SVR
Tips Films Ltd,TIP
Vinny Overseas Ltd,VINN
Ovobel Foods Ltd,OVO
Touchwood Entertainment Ltd,TOUC
CG VAK Software and Exports Ltd,CGV
Almondz Global Securities Ltd,ALSL
Premier Polyfilm Ltd,PRPF
Indiabulls Enterprises Ltd,IEL
Rajshree Polypack Ltd,RAJH
Dhabriya Polywood Ltd,DHAB
Panasonic Energy India Co Ltd,LAKHN
Panasonic Carbon India Co Ltd,PCIL
Available Finance Ltd,AVAI
SBEC Sugar Ltd,SBE
Shardul Securities Ltd,SHRIY
Weizmann Ltd,WEIZ
Ambar Protein Industries Ltd,AMBA
MPS Infotecnics Ltd,VIFY
Akshar Spintex Ltd,AKS
Frontier Springs Ltd,FRONS
GEE Ltd,GEG
Sudarshan Pharma Industries Ltd,SUDAR
Graviss Hospitality Ltd,GRAVI
Parshva Enterprises Ltd,PAR
Ambalal Sarabhai Enterprises Ltd,AMBAS
Trident Lifeline Ltd,TLL
Suraj Products Ltd,SURAS
Vipul Ltd,VIPL
Asian Hotels (West) Ltd,ASHW
Geekay Wires Ltd,GEEK
Surat Textile Mills Ltd,SURAT
Samrat Pharmachem Ltd,SAMR
Vintage Coffee and Beverages Ltd,SPAC
Izmo Ltd,IZMO
Growington Ventures India Ltd,VMV
Jocil Ltd,JOCI
Tarmat Ltd,TARM
Pansari Developers Ltd,PANR
Zodiac Energy Ltd,ZODA
Latteys Industries Ltd,LATT
VETO Switch Gears And Cables Ltd,VETO
SMS Lifesciences India Ltd,SMSL
Pil Italica Lifestyle Ltd,PILI
Nippon India ETF PSU Bank BeES,PSUB
Nile Ltd,NILE
IM+ Capitals Ltd,IMC
Bimetal Bearings Ltd,BIM
Ultracab (India) Ltd,ULT
Kimia Biosciences Ltd,KIM
T T Ltd,TTL
Robust Hotels Ltd,RHL
ABM Knowledgeware Ltd,ABM
Refex Renewables & Infrastructure Ltd,SUNE
A Infrastructure Ltd,AIN
Scan Steels Ltd,SCANS
Bartronics India Ltd,BARI
Modi Rubber Ltd,MODI
Lovable Lingerie Ltd,LOVA
Bombay Oxygen Investments Ltd,BOMO
Bhagyanagar India Ltd,BHIL
Jainam Ferro Alloys (I) Ltd,JAINA
IL&FS Engineering and Construction Company Ltd,ILFE
Aspinwall & Co Ltd,ASPI
Kakatiya Cement Sugar and Industries Ltd,KKTY
RDB Rasayans Ltd,RDB
RPP Infra Projects Ltd,RPPI
Shiva Texyarn Ltd,SHTE
Basant Agro Tech (India) Ltd,BAS
Capital Trade Links Ltd,CTL
Gillanders Arbuthnot & Co Ltd,GIAR
Smruthi Organics Ltd,SMR
Vipul Organics Ltd,VIP
SoftTech Engineers Ltd,SOTF
Future Retail Ltd,FRTL
Brooks Laboratories Ltd,BROO
Palred Technologies Ltd,PALR
Worth Peripherals Ltd,WORP
Lykis Ltd,LYK
SVP Global Textiles Ltd,SVPG
Xelpmoc Design and Tech Ltd,XELP
Inventure Growth & Securities Ltd,IGSL
Innovators Facade Systems Ltd,INNO
Universal Autofoundry Ltd,UNIA
Arshiya Ltd,ARSH
Silicon Rental Solutions Ltd,SRSO
Wanbury Ltd,WANB
Byke Hospitality Ltd,TBKH
Manas Properties Ltd,MANAS
Nitin Castings Ltd,NIT
Lorenzini Apparels Ltd,LAL
Navkar Urbanstructure Ltd,NAVB
Krebs Biochemicals and Industries Ltd,KREB
Avro India Ltd,AVRI
Triton Valves Ltd,TRITO
Rane Engine Valve Ltd,RAEV
Reliance Home Finance Ltd,RLIC
Homesfy Realty Ltd,HOME
Atal Realtech Ltd,ATAL
SAL Steel Ltd,SALS
Kohinoor Foods Ltd,KOFO
Avonmore Capital & Management Services Ltd,AVON
Alphageo (India) Ltd,ALPI
Swadeshi Polytex Ltd,SWADP
Vaishali Pharma Ltd,VAIH
Smartlink Holdings Ltd,SMAT
Shri Keshav Cements and Infra Ltd,SKCI
Goldstar Power Ltd,GDST
Steelman Telecom Ltd,STM
Ashnisha Industries Ltd,ASH
Intense Technologies Ltd,INTN
Rexnord Electronics and Controls Ltd,REX
Concord Control System Ltd,CNC
Naysaa Securities Ltd,NAY
SPML Infra Ltd,SPML
Noida Toll Bridge Company Ltd,NOID
Emmbi Industries Ltd,EMMB
Lehar Footwears Ltd,LEH
Vishal Bearings Ltd,VISH
Indian Card Clothing Company Ltd,IDIC
Aksh Optifibre Ltd,AKSO
Majestic Auto Ltd,MAJ
IVP Ltd,IVPL
Shree Tirupati Balajee FIBC Ltd,SHTR
K I C Metaliks Ltd,KAJ
Ansal Properties and Infrastructure Ltd,ANSP
IRIS Business Services Ltd,IRI
